{"cameraMode":{"drawMode":0,"name":"Shaded","section":"Shading Mode"},"sceneLighting":false,"audioPlay":false,"sceneViewState":{"showFog":true,"showMaterialUpdate":false,"showSkybox":false,"showFlares":true,"showImageEffects":true,"showParticleSystems":true},"in2DMode":false,"pivot":{"x":-1.1920928955078126e-7,"y":0.7000000476837158,"z":1.75},"rotation":{"x":-0.015152542851865292,"y":0.9665791988372803,"z":-0.24919109046459199,"w":-0.05893369019031525},"size":4.968023300170898,"orthographic":false}